sequence	species	reference
4224197	Boa constrictor constrictor	Bradnam, K. R., Fass, J. N., Alexandrov, A., Baranay, P., Bechner, M., Birol, I., ... & Chitsaz, H. (2013). Assemblathon 2: evaluating de novo methods of genome assembly in three vertebrate species. GigaScience, 2(1), 10.
Chelleri-A_PLA2_85a17	Crotalus helleri	Dowell, N. L., Giorgianni, M. W., Griffin, S., Kassner, V. A., Selegue, J. E., Sanchez, E. E., & Carroll, S. B. (2018). Extremely divergent haplotypes in two toxin gene complexes encode alternative venom types within rattlesnake species. Current Biology, 28(7), 1016-1026.
Chelleri-B_Pla2_ctg83108	Crotalus helleri	Dowell, N. L., Giorgianni, M. W., Griffin, S., Kassner, V. A., Selegue, J. E., Sanchez, E. E., & Carroll, S. B. (2018). Extremely divergent haplotypes in two toxin gene complexes encode alternative venom types within rattlesnake species. Current Biology, 28(7), 1016-1026.
Chorridus-A_Pla2_tig10004	Crotalus horridus	Dowell, N. L., Giorgianni, M. W., Griffin, S., Kassner, V. A., Selegue, J. E., Sanchez, E. E., & Carroll, S. B. (2018). Extremely divergent haplotypes in two toxin gene complexes encode alternative venom types within rattlesnake species. Current Biology, 28(7), 1016-1026.
Chorridus-A_Pla2_tig9803	Crotalus horridus	Dowell, N. L., Giorgianni, M. W., Griffin, S., Kassner, V. A., Selegue, J. E., Sanchez, E. E., & Carroll, S. B. (2018). Extremely divergent haplotypes in two toxin gene complexes encode alternative venom types within rattlesnake species. Current Biology, 28(7), 1016-1026.
Chorridus-B_Pla2_cln190H17	Crotalus horridus	Dowell, N. L., Giorgianni, M. W., Griffin, S., Kassner, V. A., Selegue, J. E., Sanchez, E. E., & Carroll, S. B. (2018). Extremely divergent haplotypes in two toxin gene complexes encode alternative venom types within rattlesnake species. Current Biology, 28(7), 1016-1026.
Cscutulatus-A_Pla2_cln102I5	Crotalus scutulatus	Dowell, N. L., Giorgianni, M. W., Griffin, S., Kassner, V. A., Selegue, J. E., Sanchez, E. E., & Carroll, S. B. (2018). Extremely divergent haplotypes in two toxin gene complexes encode alternative venom types within rattlesnake species. Current Biology, 28(7), 1016-1026.
Cscutulatus-B_pla2_tig00011133	Crotalus scutulatus	Dowell, N. L., Giorgianni, M. W., Griffin, S., Kassner, V. A., Selegue, J. E., Sanchez, E. E., & Carroll, S. B. (2018). Extremely divergent haplotypes in two toxin gene complexes encode alternative venom types within rattlesnake species. Current Biology, 28(7), 1016-1026.
KM488538	Protobothrops flavoviridis	GenBank KM488538 (sequence name has no version)
NW_004955452	Chinchilla lanigera	RefSeq NW_004955452 (sequence name has no version)
SNAKE00003244	Boa constrictor constrictor	Bradnam, K. R., Fass, J. N., Alexandrov, A., Baranay, P., Bechner, M., Birol, I., ... & Chitsaz, H. (2013). Assemblathon 2: evaluating de novo methods of genome assembly in three vertebrate species. GigaScience, 2(1), 10.
Scaffold2214	Boa constrictor constrictor	Bradnam, K. R., Fass, J. N., Alexandrov, A., Baranay, P., Bechner, M., Birol, I., ... & Chitsaz, H. (2013). Assemblathon 2: evaluating de novo methods of genome assembly in three vertebrate species. GigaScience, 2(1), 10.
scaffold-6049	Boa constrictor constrictor	Bradnam, K. R., Fass, J. N., Alexandrov, A., Baranay, P., Bechner, M., Birol, I., ... & Chitsaz, H. (2013). Assemblathon 2: evaluating de novo methods of genome assembly in three vertebrate species. GigaScience, 2(1), 10.
scaffold-877	Boa constrictor constrictor	Bradnam, K. R., Fass, J. N., Alexandrov, A., Baranay, P., Bechner, M., Birol, I., ... & Chitsaz, H. (2013). Assemblathon 2: evaluating de novo methods of genome assembly in three vertebrate species. GigaScience, 2(1), 10.
scaffold1368	Boa constrictor constrictor	Bradnam, K. R., Fass, J. N., Alexandrov, A., Baranay, P., Bechner, M., Birol, I., ... & Chitsaz, H. (2013). Assemblathon 2: evaluating de novo methods of genome assembly in three vertebrate species. GigaScience, 2(1), 10.
scaffold1400	Deinakgistrodon acutus	Yin, W., Wang, Z. J., Li, Q. Y., Lian, J. M., Zhou, Y., Lu, B. Z., ... & Wen, B. (2016). Evolutionary trajectories of snake genes and genomes revealed by comparative analyses of five-pacer viper. Nature communications, 7, 13107.
scaffold1524.1	Boa constrictor constrictor	Bradnam, K. R., Fass, J. N., Alexandrov, A., Baranay, P., Bechner, M., Birol, I., ... & Chitsaz, H. (2013). Assemblathon 2: evaluating de novo methods of genome assembly in three vertebrate species. GigaScience, 2(1), 10.
scaffold18896.1	Boa constrictor constrictor	Bradnam, K. R., Fass, J. N., Alexandrov, A., Baranay, P., Bechner, M., Birol, I., ... & Chitsaz, H. (2013). Assemblathon 2: evaluating de novo methods of genome assembly in three vertebrate species. GigaScience, 2(1), 10.
scaffold2329	Ophisaurus gracilis	Song, B., Cheng, S., Sun, Y., Zhong, X., Jin, J., Guan, R., ... & Liu, X. (2015). A genome draft of the legless anguid lizard, Ophisaurus gracilis. Gigascience, 4(1), 17.
scaffold410.1	Boa constrictor constrictor	Bradnam, K. R., Fass, J. N., Alexandrov, A., Baranay, P., Bechner, M., Birol, I., ... & Chitsaz, H. (2013). Assemblathon 2: evaluating de novo methods of genome assembly in three vertebrate species. GigaScience, 2(1), 10.
supercontig_000000362	Boa constrictor constrictor	Bradnam, K. R., Fass, J. N., Alexandrov, A., Baranay, P., Bechner, M., Birol, I., ... & Chitsaz, H. (2013). Assemblathon 2: evaluating de novo methods of genome assembly in three vertebrate species. GigaScience, 2(1), 10.
